Ano,INPC_Medio
2000,0.43
2010,0.5241666666666667
2012,0.5025000000000001
2014,0.505
2016,0.5333333333333333
2018,0.2825
2020,0.44416666666666665
